{"key": 19138, "id": "b1f6e78a-0d8a-48a4-ba1e-02991916221f", "n_input": 2, "n_output": 2, "output_nodes_keys": [0, 1], "input_nodes_keys": [-1, -2], "connection_genes": {"(-1, 2)": {"key": [-1, 2], "enabled": true, "_weight_mean": 0.06824107910520792, "_weight_std": 0.001}, "(-1, 3)": {"key": [-1, 3], "enabled": true, "_weight_mean": 1.8489909796194812, "_weight_std": 0.001}, "(-1, 4)": {"key": [-1, 4], "enabled": true, "_weight_mean": 2.0778381526115393, "_weight_std": 0.001}, "(-1, 5)": {"key": [-1, 5], "enabled": true, "_weight_mean": -0.5564063362619202, "_weight_std": 0.001}, "(-1, 6)": {"key": [-1, 6], "enabled": true, "_weight_mean": -8.545766193906474, "_weight_std": 0.001}, "(-2, 2)": {"key": [-2, 2], "enabled": true, "_weight_mean": 0.6804555292543726, "_weight_std": 0.001}, "(-2, 3)": {"key": [-2, 3], "enabled": true, "_weight_mean": -1.1728028197370592, "_weight_std": 0.001}, "(-2, 4)": {"key": [-2, 4], "enabled": true, "_weight_mean": -3.861989985647387, "_weight_std": 0.001}, "(-2, 5)": {"key": [-2, 5], "enabled": true, "_weight_mean": 1.7157033784910987, "_weight_std": 0.001}, "(-2, 6)": {"key": [-2, 6], "enabled": true, "_weight_mean": -0.6099743584556472, "_weight_std": 0.001}, "(2, 0)": {"key": [2, 0], "enabled": true, "_weight_mean": -3.5697029464268146, "_weight_std": 0.001}, "(2, 1)": {"key": [2, 1], "enabled": true, "_weight_mean": 1.3338606439142238, "_weight_std": 0.001}, "(3, 0)": {"key": [3, 0], "enabled": true, "_weight_mean": 0.16486902389491145, "_weight_std": 0.001}, "(3, 1)": {"key": [3, 1], "enabled": true, "_weight_mean": 1.0796682533263786, "_weight_std": 0.001}, "(4, 0)": {"key": [4, 0], "enabled": true, "_weight_mean": -0.03351787847399412, "_weight_std": 0.001}, "(4, 1)": {"key": [4, 1], "enabled": true, "_weight_mean": -0.6055948865321905, "_weight_std": 0.001}, "(5, 0)": {"key": [5, 0], "enabled": true, "_weight_mean": -3.008138905051454, "_weight_std": 0.001}, "(5, 1)": {"key": [5, 1], "enabled": true, "_weight_mean": 1.7769642161627894, "_weight_std": 0.001}, "(6, 0)": {"key": [6, 0], "enabled": true, "_weight_mean": -3.724629995781954, "_weight_std": 0.001}, "(6, 1)": {"key": [6, 1], "enabled": true, "_weight_mean": 0.17020630163221173, "_weight_std": 0.001}}, "node_genes": {"0": {"key": 0, "activation": "tanh", "aggregation": "sum", "_bias_mean": 2.9036291007813504, "_bias_std": 0.001}, "1": {"key": 1, "activation": "tanh", "aggregation": "sum", "_bias_mean": 0.24878740227213747, "_bias_std": 0.001}, "2": {"key": 2, "activation": "tanh", "aggregation": "sum", "_bias_mean": 1.5011259451293346, "_bias_std": 0.001}, "3": {"key": 3, "activation": "tanh", "aggregation": "sum", "_bias_mean": -2.531253006953537, "_bias_std": 0.001}, "4": {"key": 4, "activation": "tanh", "aggregation": "sum", "_bias_mean": -0.6682862227326551, "_bias_std": 0.001}, "5": {"key": 5, "activation": "tanh", "aggregation": "sum", "_bias_mean": -0.5637177365283952, "_bias_std": 0.001}, "6": {"key": 6, "activation": "tanh", "aggregation": "sum", "_bias_mean": 0.21893088494614488, "_bias_std": 0.001}}, "config": {"batch_size": 100000000, "beta_type": "other", "bias_mean_init_mean": 0.0, "bias_mean_init_std": 1.0, "bias_mean_max_value": 30.0, "bias_mean_min_value": -30.0, "bias_mean_prior": 0.0, "bias_mutate_power": 0.5, "bias_mutate_rate": 0.7, "bias_replace_rate": 0.1, "bias_std_init_mean": 0.001, "bias_std_init_std": 0.0, "bias_std_max_value": 0.001, "bias_std_min_value": 0.0, "bias_std_prior": 1.0, "compatibility_disjoint_coefficient": 1.0, "compatibility_threshold": 3.0, "compatibility_weight_coefficient": 0.5, "dataset_name": "classification_example_1", "elitism": 2, "is_gpu": false, "max_stagnation": 20, "min_species_size": 2, "mutate_power": 0.5, "mutate_rate": 0.8, "n_generations": 200, "n_initial_hidden_neurons": 5, "n_input": 2, "n_output": 2, "n_samples": 100, "node_activation": "tanh", "node_aggregation": "sum", "parallel_evaluation": true, "pop_size": 150, "problem_type": "classification", "replace_rate": 0.1, "response_init_mean": 1.0, "response_init_std": 0.0, "response_max_value": 30.0, "response_min_value": -30.0, "response_mutate_power": 0.0, "response_mutate_rate": 0.0, "response_replace_rate": 0.0, "single_structural_mutation": false, "species_elitism": 2, "species_fitness_function": "max", "survival_threshold": 0.2, "weight_mean_init_mean": 0, "weight_mean_init_std": 1, "weight_mean_max_value": 10, "weight_mean_min_value": -10, "weight_mean_prior": 0.0, "weight_std_init_mean": 0.001, "weight_std_init_std": 0, "weight_std_max_value": 0.001, "weight_std_min_value": 0.0, "weight_std_prior": 1.0}}